	ave	name	le95	ue95	y_ave	y_class
1	0.0054927369860808	FGFR1_WT	0.473913268076527	0.537307519460311	0.505610393768419	3
2	0.00100967869330345	BAG4-FGFR1	-5.902221640885	-5.63406558022865	-5.76814361055683	1
3	0.00416174680869664	CUX1-FGFR1	-1.39468893714532	-1.28188084945944	-1.33828489330238	2
4	0.00510761214006239	FGFR1_p.A121D	-0.0850714030103658	-0.027729515959388	-0.0564004594848769	3
5	0.00590070253924194	FGFR1_p.A21T	1.07990604002575	1.16203882940629	1.12097243471602	3
6	0.00534335183459344	FGFR1_p.A268S	0.297462472466301	0.358250841140868	0.327856656803584	3
7	0.00195829826736015	FGFR1_p.A604T	-4.50614977845408	-4.29796448240137	-4.40205713042773	1
8	0.00562656587230923	FGFR1_p.D128N	0.631936166881975	0.698321782145653	0.665128974513814	3
9	0.00504661094932324	FGFR1_p.D128V	-0.150152656288905	-0.0929308125873953	-0.12154173443815	3
10	0.00580594152610502	FGFR1_p.D133N	0.92772719412629	1.00214515017164	0.964936172148964	3
11	0.00485916434161677	FGFR1_p.D320N	-0.415559598630968	-0.358985042534264	-0.387272320582616	3
12	0.00589649844885689	FGFR1_p.E467K	1.06507889682901	1.14411783405615	1.10459836544258	3
13	0.0060825230139153	FGFR1_p.E592G	1.34236783568589	1.42865255200399	1.38551019384494	3
14	0.00469936224578991	FGFR1_p.G703S	-0.619633775542338	-0.561174287377774	-0.590404031460056	3
15	0.0022408164683165	FGFR1_p.K656STOP	-4.17952031596941	-3.98382258626842	-4.08167145111892	1
16	0.0177261438630818	FGFR1_p.K656E	17.2610998764753	18.2715634340115	17.7663316552434	4
17	0.0179303403607556	FGFR1_p.K656M	16.8896633181576	17.8722748487913	17.3809690834744	4
18	0.00577535382322428	FGFR1_p.M456V	0.84861148335563	0.922250115545221	0.885430799450426	3
19	0.00180767061921932	FGFR1_p.N193fsSTOP8	-4.76421250728592	-4.54162528751937	-4.65291889740265	1
20	0.0176155012141841	FGFR1_p.N546K	16.9383524462633	17.9535739774978	17.4459632118806	4
21	0.00493377851060146	FGFR1_p.P150S	-0.284933063706562	-0.223630145378423	-0.254281604542492	3
22	0.00583001788197018	FGFR1_p.P483L	0.973446811427872	1.050287658006	1.01186723471694	3
23	0.0055586671446559	FGFR1_p.R189C	0.547716526307566	0.612906798286007	0.580311662296787	3
24	0.00528242895113116	FGFR1_p.R250W	0.204284899364341	0.265235494516697	0.234760196940519	3
25	0.00539423627398494	FGFR1_p.R445W	0.345837507343631	0.41269128934232	0.379264398342976	3
26	0.00496371603724261	FGFR1_p.R475Q	-0.266197285006725	-0.209977072605894	-0.238087178806309	3
27	0.0019657467157073	FGFR1_p.R646W	-4.44137203335949	-4.2358350885791	-4.3386035609693	1
28	0.00479604329179655	FGFR1_p.R809Q	-0.508344867812962	-0.450625912804984	-0.479485390308973	3
29	0.00561941855831366	FGFR1_p.S125L	0.600286552037601	0.667640125296326	0.633963338666964	3
30	0.00427256452930941	FGFR1_p.S238N	-1.23968659892101	-1.16501774753976	-1.20235217323039	2
31	0.00444686931869401	FGFR1_p.S436F	-0.996818645455023	-0.926786087803052	-0.961802366629038	2
32	0.0058350132374915	FGFR1_p.S588T	0.949507353243033	1.02658949107727	0.988048422160152	3
33	0.00541830917059759	FGFR1_p.T141R	0.354658709224938	0.416480733340252	0.385569721282595	3
34	0.00526901929802355	FGFR1_p.T26I	0.146276637859578	0.20510566964204	0.175691153750809	3
35	0.00445590895688784	FGFR1_p.T319A	-0.955796900854872	-0.887116701741619	-0.921456801298245	2
36	0.00564692583781845	FGFR1_p.T340M	0.6350936323507	0.702367260047949	0.668730446199324	3
37	0.00142351408351358	FGFR1_p.V664L	-5.31032605283252	-5.06665364041217	-5.18848984662234	1
38	0.00440826090962574	FGFR1_p.V751A	-1.02426479915327	-0.955085528999633	-0.989675164076449	2
39	0.0174534930703739	FGFR1-TACC1	16.5641985155667	17.5566387028735	17.0604186092201	4
40	0.00788198933299553	FGFR2_p.A264T	3.80673396031579	3.99277605539917	3.89975500785748	4
41	0.00500494213678277	FGFR2_p.A371V	-0.186048771392723	-0.128480819370679	-0.157264795381701	3
42	0.00823349779225927	FGFR2_p.A389T	4.2235316954453	4.42906956898056	4.32630063221293	4
43	0.00134638583033091	FGFR2_p.A648T	-5.44392525989961	-5.1985024506803	-5.32121385528996	1
44	0.00780155185346868	FGFR2_p.A67V	3.64423292870974	3.82396565576982	3.73409929223978	4
45	0.00833739166638205	FGFR2_p.C382R	4.34760516899634	4.55854468602712	4.45307492751173	4
46	0.00833727826071633	FGFR2_p.C62Y	4.35731246570582	4.56902688389662	4.46316967480122	4
47	0.0077733039931427	FGFR2_p.D101Y	3.68854057290105	3.8733670974115	3.78095383515628	4
48	0.00488933420187303	FGFR2_p.D471N	-0.37548774958179	-0.314711202078111	-0.345099475829951	3
49	0.00777983835814564	FGFR2_p.E160K	3.60725606028013	3.78497190812557	3.69611398420285	4
50	0.00804467099572659	FGFR2_p.E163K	3.94726069427892	4.14003792919941	4.04364931173916	4
51	0.00683792075734963	FGFR2_p.E475K	2.30655067572772	2.427815588089	2.36718313190836	3
52	0.00533361212535958	FGFR2_p.E596K	0.235034401553209	0.298284109178686	0.266659255365947	3
53	0.00106749980084756	FGFR2_p.E695K	-5.78577732108917	-5.52657131852418	-5.65617431980668	1
54	0.0170065516463704	FGFR2_p.E718K	15.8823344310801	16.8838422663676	16.3830883487239	4
55	0.00560597397249705	FGFR2_p.G227E	0.62861668129836	0.689925575933736	0.659271128616048	3
56	0.00605039392940457	FGFR2_p.G305R	1.24296802357875	1.32456082693258	1.28376442525566	3
57	0.00796571492100512	FGFR2_p.G364E	3.86648061273985	4.05557803599502	3.96102932436743	4
58	0.00389128401147709	FGFR2_p.G542E	-1.83365745502701	-1.73844677282408	-1.78605211392555	2
59	0.00697301485839794	FGFR2_p.G613S	2.51243416910567	2.6438308244903	2.57813249679798	3
60	0.00746083121400204	FGFR2_p.H242Y	3.15957996612509	3.31733234815206	3.23845615713857	3
61	0.00793637898882734	FGFR2_p.H416R	3.82529208107705	4.01261172957254	3.9189519053248	4
62	0.00835754493846087	FGFR2_p.H544Q	4.42781280792091	4.64191774373111	4.53486527582601	4
63	0.00834060603838167	FGFR2_p.I422V	4.35672172872771	4.56769097466287	4.46220635169529	4
64	0.00777925894258023	FGFR2_p.K310R	3.60603340726161	3.78295527445751	3.69449434085956	4
65	0.0171405725026021	FGFR2_p.K659E	15.8827868684734	16.844611285425	16.3636990769492	4
66	0.0170798615508869	FGFR2_p.K659N	16.0106740376244	16.9963577319034	16.5035158847639	4
67	0.00678085089807042	FGFR2_p.L33S	2.23561733811598	2.35514758554403	2.29538246183001	3
68	0.00890916145741586	FGFR2_p.L560F	5.15334438067748	5.40325582973942	5.27830010520845	4
69	0.00405985465397623	FGFR2_p.M186T	-1.52302831463383	-1.44053312817641	-1.48178072140512	2
70	0.00548263784516834	FGFR2_p.M640I	0.427938432011106	0.490577082510215	0.45925775726066	3
71	0.00173624920343381	FGFR2_p.M722I	-4.90164769724199	-4.67956564981827	-4.79060667353013	1
72	0.00927791439498937	FGFR2_p.N549D	5.72153270759991	5.99632882920893	5.85893076840442	4
73	0.00889229755148547	FGFR2_p.N549H	5.12191712821652	5.36895127966363	5.24543420394007	4
74	0.0100985198863281	FGFR2_p.N549K	6.69916044941722	7.02237435104584	6.86076740023153	4
75	0.00860098813307411	FGFR2_p.N549S	4.78513365991267	5.01677052162105	4.90095209076686	4
76	0.00754644784186517	FGFR2_p.N82K	3.32048959211092	3.48556940113715	3.40302949662403	4
77	0.00803620854753854	FGFR2_p.P253L	3.98040775883589	4.17479474407853	4.07760125145721	4
78	0.00578461770548004	FGFR2_p.P253R	0.865856376033172	0.935388485790906	0.900622430912039	3
79	0.0072159555084483	FGFR2_p.P303L	2.8840481535627	3.02923919087728	2.95664367221999	3
80	0.00466875327162365	FGFR2_p.P582L	-0.653947291472519	-0.591244316071122	-0.62259580377182	3
81	0.00209510183166626	FGFR2_p.P708S	-4.41083560441886	-4.20721932465276	-4.30902746453581	1
82	0.00779625886978268	FGFR2_p.Q212K	3.62443899793324	3.80352319251572	3.71398109522448	4
83	0.00053692642556583	FGFR2_p.Q259STOP	-6.64723244653727	-6.35534867290291	-6.50129055972009	1
84	0.00531376248934868	FGFR2_p.R203C	0.250181366754976	0.304417914508918	0.277299640631947	3
85	0.00604132492104639	FGFR2_p.R203H	1.25327307315228	1.33559174531339	1.29443240923283	3
86	0.00575877632273684	FGFR2_p.R210Q	0.853518370367537	0.92131938205815	0.887418876212843	3
87	0.00540743332672668	FGFR2_p.R251Q	0.386965139388732	0.445895378127968	0.41643025875835	3
88	0.00638937844748725	FGFR2_p.R330W	1.71152963051839	1.80852530747305	1.76002746899572	3
89	0.00223510099678495	FGFR2_p.R399STOP	-4.12239915071331	-3.92938226634424	-4.02589070852877	1
90	0.00823825711206565	FGFR2_p.R399Q	4.2096389368009	4.41471989773381	4.31217941726736	4
91	0.000566895994089624	FGFR2_p.R625Q	-6.55008021238109	-6.26158461567675	-6.40583241402892	1
92	0.00554424537976834	FGFR2_p.R664W	0.556913584564389	0.623552179050443	0.590232881807416	3
93	0.00754652876122559	FGFR2_p.R6P	3.25883005930792	3.42169923464649	3.34026464697721	3
94	0.0049348964271681	FGFR2_p.S252W	-0.305230810975777	-0.252464090053133	-0.278847450514455	3
95	0.0101530507801911	FGFR2_p.S791T	6.93079021326362	7.26330712834758	7.0970486708056	4
96	0.00822399950257987	FGFR2_p.V392A	4.21621048734226	4.4233033043118	4.31975689582703	4
97	0.00730590611771172	FGFR2_p.V395D	2.9747610703485	3.12528538125827	3.05002322580339	3
98	0.00833714600297596	FGFR2_p.W290C	4.38380916661053	4.59626446128125	4.49003681394589	4
99	0.00777755187168726	FGFR2_p.Y328N	3.6287736683116	3.80736228731817	3.71806797781488	4
100	0.0063846755347781	FGFR2_p.Y375C	1.72619767482384	1.82400609302482	1.77510188392433	3
101	0.00477792893709785	FGFR2_WT	-0.521384860316606	-0.464002177547665	-0.492693518932135	3
102	0.0177117650466148	FGFR2-AHCYL1	17.6105358812138	18.7287501938071	18.1696430375104	4
103	0.0171758372493669	FGFR2-CCDC6	16.696676933286	17.7017485450227	17.1992127391543	4
104	0.0174561205947844	FGFR2-KIAA1598	16.7500867968259	17.7345064949246	17.2422966458752	4
105	0.00928149212935193	FGFR2-PPHLN1	5.67124310533418	5.94830322555159	5.80977316544289	4
106	0.000692999245156958	FGFR3_p.A257V	-6.3775251548313	-6.09493762685328	-6.23623139084229	1
107	0.000690530000240227	FGFR3_p.A265T	-6.37813261966469	-6.0942075101205	-6.23617006489259	1
108	0.00263407529467298	FGFR3_p.A265V	-3.5576172944759	-3.39066527838405	-3.47414128642997	1
109	0.00537905305136988	FGFR3_p.A391E	0.278011054461531	0.346994970558204	0.312503012509867	3
110	0.00614733330521328	FGFR3_p.A391V	1.36408825462558	1.45358697611563	1.40883761537061	3
111	0.000684783434799022	FGFR3_p.D641N	-6.34964648288718	-6.06761801434254	-6.20863224861486	1
112	0.00146334388780283	FGFR3_p.E140K	-5.22766819291447	-4.98701686243654	-5.10734252767551	1
113	0.000950849034432033	FGFR3_p.E194K	-6.0132010666568	-5.74388658577736	-5.87854382621708	1
114	0.00142936976047004	FGFR3_p.E322K	-5.29494014898549	-5.05263004874316	-5.17378509886433	1
115	0.000697714118622485	FGFR3_p.E686K	-6.35645899498378	-6.07337668594893	-6.21491784046635	1
116	0.000702756304243893	FGFR3_p.F384L	-6.38561577504569	-6.10296003621692	-6.2442879056313	1
117	0.000714838128138795	FGFR3_p.G346E	-6.29218992040597	-6.01324877149803	-6.152719345952	1
118	0.00590820425653987	FGFR3_p.G370C	1.08591309195432	1.16480886959704	1.12536098077568	3
119	0.00617071608205624	FGFR3_p.G380E	1.46046656521765	1.5524889718689	1.50647776854327	3
120	0.0059089676382132	FGFR3_p.G380R	1.03553015174111	1.11399962017612	1.07476488595862	3
121	0.00196308733536906	FGFR3_p.G66fsSTOP32	-4.42566446698913	-4.21801392083165	-4.32183919391039	1
122	0.000701488506362775	FGFR3_p.G697C	-6.36748308542948	-6.08445601360197	-6.22596954951573	1
123	0.00348786322284944	FGFR3_p.H284fsSTOP10	-2.30478373550277	-2.19147205254219	-2.24812789402248	2
124	0.000694731842129535	FGFR3_p.K403fsSTOP93	-6.35793996955838	-6.07504375937558	-6.21649186446698	1
125	0.00805251607849024	FGFR3_p.K650E	3.99199567038429	4.19760990491974	4.09480278765201	4
126	0.00962922181879292	FGFR3_p.K650M	6.15416603009132	6.45592349199105	6.30504476104118	4
127	0.0169217927928823	FGFR3_p.K650N	16.4339878699411	17.4618565996875	16.9479222348143	4
128	0.0106936554097201	FGFR3_p.K650Q	7.60673562298325	7.98174363446112	7.79423962872219	4
129	0.0170225219795927	FGFR3_p.K650T	15.6481663800296	16.5847671638956	16.1164667719626	4
130	0.00143455254618508	FGFR3_p.P283S	-5.30730062499426	-5.06234762764616	-5.18482412632021	1
131	0.000675685246085819	FGFR3_p.P63S	-6.3161731616905	-6.03473764945412	-6.17545540557231	1
132	0.00070550781906365	FGFR3_p.P716H	-6.3042952052377	-6.02359799926628	-6.16394660225199	1
133	0.000974458923505857	FGFR3_p.Q209H	-5.97073434424865	-5.70252784679084	-5.83663109551975	1
134	0.00590691972727245	FGFR3_p.R248_S249insC	1.06015927783032	1.13809947753653	1.09912937768342	3
135	0.00590568438571982	FGFR3_p.R248C	1.01612064020678	1.0939260531637	1.05502334668524	3
136	0.000686712996883131	FGFR3_p.R248H	-6.30637497041955	-6.02466193846819	-6.16551845444387	1
137	0.00142415142767735	FGFR3_p.R603Q	-5.3570504656371	-5.11085738090458	-5.23395392327084	1
138	0.000681964056166423	FGFR3_p.R621H	-6.40182081075551	-6.11701030582406	-6.25941555828979	1
139	0.00231088392863036	FGFR3_p.R640W	-3.9562057156864	-3.76917178192546	-3.86268874880593	1
140	0.0058960012390566	FGFR3_p.S249C	1.0826995114112	1.16112120907508	1.12191036024314	3
141	0.00591707886236518	FGFR3_p.S371C	1.03461341477436	1.11249841960867	1.07355591719152	3
142	0.00145250015020543	FGFR3_p.T311fsSTOP55	-5.27491044499959	-5.03196203796543	-5.15343624148251	1
143	0.000703310033641515	FGFR3_p.T689M	-6.37435429191817	-6.09074342973734	-6.23254886082776	1
144	0.00202183803661971	FGFR3_p.T79S	-4.40285951022135	-4.19421192507208	-4.29853571764672	1
145	0.00592015963972179	FGFR3_p.Y373C	1.08648836430397	1.16747943331984	1.1269838988119	3
146	0.000684238132817045	FGFR3_WT	-6.35722245307165	-6.07491008181607	-6.21606626744386	1
147	0.0161346757926602	FGFR3-TACC3	15.4715959203219	16.4607896131641	15.966192766743	4
148	0.0161719521514417	FGFR3-TACC3_v2	14.6053482509417	15.4996383248612	15.0524932879014	4
149	0.00117857881694286	FGFR4_p.A484V	-5.60711401119799	-5.35485032836816	-5.48098216978308	1
150	0.00319991453349201	FGFR4_p.A749V	-2.75527759136441	-2.62001365261521	-2.68764562198981	1
151	0.000541491897614386	FGFR4_p.C271STOP	-6.61418856218898	-6.32385096350575	-6.46901976284737	1
152	0.00306940110627611	FGFR4_p.E128K	-2.93311453194804	-2.79485499565962	-2.86398476380383	1
153	0.00219998752059966	FGFR4_p.E681K	-4.14081869169981	-3.94645347673378	-4.04363608421679	1
154	0.00218610428554144	FGFR4_p.G176C	-4.14631408778623	-3.9562512730752	-4.05128268043072	1
155	0.00112021724693608	FGFR4_p.G687fsSTOP35	-5.68290506928113	-5.42583357701641	-5.55436932314877	1
156	0.0176001686729376	FGFR4_p.N535K	16.3167742977592	17.2630107943771	16.7898925460682	4
157	0.00271989944374029	FGFR4_p.R134G	-3.47943429599681	-3.31690943030372	-3.39817186315026	1
158	0.00270666703436597	FGFR4_p.R154H	-3.4896840899134	-3.32684002944472	-3.40826205967906	1
159	0.00306647289217899	FGFR4_p.R203C	-2.94442264303331	-2.80459008277293	-2.87450636290312	1
160	0.00245721785042576	FGFR4_p.R321W	-3.83947834609391	-3.66122834957675	-3.75035334783533	1
161	0.000535270810876541	FGFR4_p.R411fsSTOP81	-6.57836199937266	-6.28882796927597	-6.43359498432432	1
162	0.00361835244969261	FGFR4_p.R434Q	-2.19243253462523	-2.08303067570517	-2.1377316051652	2
163	0.000551212269515283	FGFR4_p.R464W	-6.51810986839449	-6.2309290098872	-6.37451943914084	1
164	0.00302546698282896	FGFR4_p.R493Q	-2.96251406357805	-2.82138368902593	-2.89194887630199	1
165	0.00335103690302104	FGFR4_p.R59W	-2.55765563353178	-2.43343670759077	-2.49554617056127	1
166	0.00118105774230078	FGFR4_p.R635S	-5.59783520062405	-5.3456081036628	-5.47172165214343	1
167	0.000545302121864581	FGFR4_p.R707W	-6.51252519101634	-6.22531980815029	-6.36892249958331	1
168	0.00303263870964841	FGFR4_p.R80W	-3.05180855009786	-2.90851908748412	-2.98016381879099	1
169	0.00387212475710461	FGFR4_p.S342F	-1.75716357101545	-1.66401838885838	-1.71059097993691	2
170	0.00427087927285418	FGFR4_p.V548M	-1.23389974116075	-1.15686644619579	-1.19538309367827	2
171	0.00806120223282975	FGFR4_p.V550L	4.06044582456943	4.25984775091877	4.1601467877441	4
172	0.00741871451038443	FGFR4_p.V550L__2	3.1721193415309	3.33340946405064	3.25276440279077	3
173	0.00416416518277666	FGFR4_WT	-1.36926091977613	-1.29138617531896	-1.33032354754755	2
174	0.00597719274382116	KLK2-FGFR2	1.13276273628802	1.21660454703048	1.17468364165925	3
